<?xml version="1.0" encoding="UTF-8"?>
<!DOCTYPE suite SYSTEM "http://testng.org/testng-1.0.dtd">
<suite name="GoogleSearch" parallel="tests" thread-count="3">
    <test name="CHROME">
        <parameter name="browserName" value="firefox" />
        <parameter name="version" value="74" />
        <parameter name="os" value="Windows" />
        <classes>
            <class name="com.TestRunner.TestNGRunCucumberTest" />
        </classes>
    </test>
</suite>















































