TestName,TestClass,Execution,ExecutionType,Browser,BrowserVersion,OS,OSVersion
VerifyBookATourFormSubmission,com.hana.marketing.Test.TC_RiskBase_SubmitForm_BookATour,Yes,Firefox,Firefox,74,Windows,10
VerifyScheduleACallFormSubmission,com.hana.marketing.Test.TC_RiskBase_SubmitForm_ScheduleACall,No,REMOTE,Chrome,79,Mac,10.14
VerifyRequestInfoFormSubmission,com.hana.marketing.Test.TC_RiskBase_SubmitForm_RequestInfo,No,REMOTE,Chrome,79,Mac,10.14
VerifySignInLink,com.hana.marketing.Test.TC_HWP_2200_VerifySignLinkOnHomePage,No,REMOTE,Chrome,79,Mac,10.14
VerifyNewLocationBlogAndFaq,com.hana.marketing.Test.TC_NewLocationAdded_Blog_FAQ_Header_Footer,No,REMOTE,Chrome,79,Mac,10.14
VerifyNewLocationHeaderAndFooter,com.hana.marketing.Test.TC_NewLocationAdded_Header_Footer_HamburgerMenu,No,REMOTE,Chrome,79,Mac,10.14
VerifyNewLocationLocationCardsAndLocationPage,com.hana.marketing.Test.TC_NewLocationAdded_LocationCards_Home_Team_Meet_Share_LocationsPages,No,REMOTE,Chrome,79,Mac,10.14
VerifyBrokersLetsConnectform,com.hana.marketing.Test.TC_HWP_1694_VerifyBrokersLetsConnect,No,REMOTE,Chrome,79,Mac,10.14
VerifyResourcesFormSubmit,com.hana.marketing.Test.TC_HWP_2100_VerifyResourcesGetReport,No,REMOTE,Chrome,79,Mac,10.14
VerifyLandLordsLetsConnectForm,com.hana.marketing.Test.TC_HWP_525_VerifyLandlordsLetsConnect,No,REMOTE,Chrome,79,Mac,10.14
Verify404Content,com.hana.marketing.Test.TC_HWP_521_Verify404Page_Content,No,REMOTE,Chrome,79,Mac,10.14
VerifyBlogLinks,com.hana.marketing.Test.TC_HWP_1276_VerifyBlogLinks,No,REMOTE,Chrome,79,Mac,10.14
VerifyPrePopulatedvlauesOnforms,com.hana.marketing.Test.TC_HWP_1333_VerifyPrepopulatedValuesOnFormsInIrvine,No,REMOTE,Chrome,79,Mac,10.14
VerifyPrePopulatedvlauesOnforms,com.hana.marketing.Test.TC_HWP_1333_VerifyPrepopulatedValuesOnFormsInDallas,No,REMOTE,Chrome,79,Mac,10.14
VerifyResetCookiesonBlog.java,com.hana.marketing.Test.TC_HWP_1860_VerifyResetCookiesonBlog,No,REMOTE,Chrome,79,Mac,10.14
TC_HWP_2192_Updated_DallasandIrvineCTAbuttons,com.hana.marketing.Test.TC_HWP_2192_Updated_DallasCTAbuttons,No,REMOTE,Chrome,79,Mac,10.14
TC_HWP_2192_Updated_DallasandIrvineCTAbuttons,com.hana.marketing.Test.TC_HWP_2192_Updated_VerifyIrvineCTAButtons,No,REMOTE,Chrome,79,Mac,10.14
VerifyDallasMatterport,com.hana.marketing.Test.TC_HWP_2203_2170_VerifyDallasMatterport,No,REMOTE,Chrome,79,Mac,10.14
VerifyCookiesBanner,com.hana.marketing.Test.TC_1070_VerifyCookiesBanner,No,REMOTE,Chrome,79,Mac,10.14
VerifyCookiesConsentManager,com.hana.marketing.Test.TC_HWP_1939_VerifyCookiesConsentManager,No,REMOTE,Chrome,79,Mac,10.14
VerifySubscribeOptionOnBlog,com.hana.marketing.Test.TC_HWP_1737_VerifySubscribeOptionOnBlog,No,REMOTE,Chrome,79,Mac,10.14
ValidateHammersmithCTAButtons,com.hana.marketing.Test.TC_RiskBased_HammersmithCTAValidation,No,REMOTE,Chrome,79,Mac,10.14
ValidateSMACTAButtons,com.hana.marketing.Test.TC_RiskBased_SMA_CTAButtonValidation,No,REMOTE,Chrome,79,Mac,10.14
BacktoFAQ_FAQSearch_HyperlinkColor,com.hana.marketing.Test.TC_HWP_1265_VerifyFAQ_BacktoFAQ,No,REMOTE,Chrome,79,Mac,10.14
ValidateGetinTouchCTA,com.hana.marketing.Test.TC_NewLocations_ValidateRequestInfoCTAButtons,No,REMOTE,Chrome,79,Mac,10.14
VerifyallFooterlinks,com.hana.marketing.Test.TC_HWP_526_VerifyFooter_Content,No,REMOTE,Chrome,79,Mac,10.14
MobileVerifyBookATourFormSubmission,com.hana.marketing.Test.TC_RESMOBILERiskBase_SubmitForm_BookATour,No,RESP,Chrome,Samsung Galaxy S9,Android,9
MobileVerifyScheduleACallFormSubmission,com.hana.marketing.Test.TC_RESMOBILERiskBase_SubmitForm_ScheduleACall,No,RESP,Chrome,Samsung Galaxy S9,Android,9
MobileVerifyRequestInfoFormSubmission,com.hana.marketing.Test.TC_RESMOBILERiskBase_SubmitForm_RequestInfo,No,RESP,Chrome,Samsung Galaxy S9,Android,9
MobileVerifySignInLink,com.hana.marketing.Test.TC_RESMOBILEHWP_2200_VerifySignLinkOnHomePage,No,RESP,Chrome,Samsung Galaxy S9,Android,9
MobileVerifyBrokersLetsConnect,com.hana.marketing.Test.TC_RESHWP_1694_VerifyBrokersLetsConnect,No,RESP,Chrome,Samsung Galaxy S9,Android,9
MOBILEVerifyResourcesGetReport,com.hana.marketing.Test.TC_RESHWP_2100_VerifyResourcesGetReport,No,RESP,Chrome,Samsung Galaxy S9,Android,9
MobileVerifyLandlordsLetsConnect,com.hana.marketing.Test.TC_RESHWP_525_VerifyLandlordsLetsConnect,No,RESP,Chrome,Samsung Galaxy S9,Android,9
MobileVerify404Page_Content,com.hana.marketing.Test.TC_RESHWP_521_Verify404Page_Content,No,RESP,Chrome,Samsung Galaxy S9,Android,9
TC_RESHWP_1276_VerifyBlogLinks,com.hana.marketing.Test.TC_RESHWP_1276_VerifyBlogLinks,No,RESP,Chrome,Samsung Galaxy S9,Android,9
TC_RESHWP_1333_VerifyPrePopulatedvlauesOnformsInIrvine,com.hana.marketing.Test.TC_RESHWP_1333_VerifyPrePopulatedvlauesOnformsInIrvine,No,RESP,Chrome,Samsung Galaxy S9,Android,9
TC_RESHWP_1333_VerifyPrePopulatedvlauesOnformsInDallas,com.hana.marketing.Test.TC_RESHWP_1333_VerifyPrePopulatedvlauesOnformsInDallas,No,RESP,Chrome,Samsung Galaxy S9,Android,9
TC_RESHWP_1860_VerifyResetCookiesonBlog,com.hana.marketing.Test.TC_RESHWP_1860_VerifyResetCookiesonBlog,No,RESP,Chrome,Samsung Galaxy S9,Android,9
TC_RESHWP_2192_Updated_DallasCTAbuttons,com.hana.marketing.Test.TC_RESHWP_2192_Updated_DallasCTAbuttons,No,RESP,Chrome,Samsung Galaxy S9,Android,9
TC_RESHWP_2192_Updated_IrvineCTAbuttons,com.hana.marketing.Test.TC_RESHWP_2192_Updated_IrvineCTAbuttons,No,RESP,Chrome,Samsung Galaxy S9,Android,9
TC_RESMobiileHWP_2203_2170_VerifyDallasMatterport,com.hana.marketing.Test.TC_RESMobiileHWP_2203_2170_VerifyDallasMatterport,No,RESP,Chrome,Samsung Galaxy S9,Android,9
TC_RESHWP_1737_VerifySubscribeOptionOnBlog,com.hana.marketing.Test.TC_RESHWP_1737_VerifySubscribeOptionOnBlog,No,RESP,Chrome,Samsung Galaxy S9,Android,9
TC_RESHWP_1939_VerifyCookiesConsentManager,com.hana.marketing.Test.TC_RESHWP_1939_VerifyCookiesConsentManager,No,RESP,Chrome,Samsung Galaxy S9,Android,9
TC_RESMOBILE_RiskBased_HammersmithCTAValidation,com.hana.marketing.Test.TC_RESMOBILE_RiskBased_HammersmithCTAValidation,No,RESP,Chrome,Samsung Galaxy S9,Android,9
TC_RESMOBILE_RiskBased_SMA_CTAButtonValidation,com.hana.marketing.Test.TC_RESMOBILE_RiskBased_SMA_CTAButtonValidation,No,RESP,Chrome,Samsung Galaxy S9,Android,9
TC_RESHWP_1264_MobileHeader_FAQ,com.hana.marketing.Test.TC_RESHWP_1264_MobileHeader_FAQ,No,RESP,Chrome,Samsung Galaxy S9,Android,9
TC_RESHWP_526_VerifyFooter_Content,com.hana.marketing.Test.TC_RESHWP_526_VerifyFooter_Content,No,RESP,Chrome,Samsung Galaxy S9,Android,9
